ccode,country_name,region_name,income_group_name,obligated_2024,obligated_2025,disbursed_2024,disbursed_2025,gdp_2024,gdp_2025,pop_2024,pop_2025,inf_2024,inf_2025,unemp_2024,unemp_2025,any_alliance,defense,nonagg,consul,distance,export,import,us_troops
20,Canada,Western Hemisphere,High Income Country,259253,206393,259253,352,2725299.75,2883487.75,41.10771179199219,41.72467803955078,2.362250566482544,1.986082673072815,6.312495231628418,6.511146068572998,1,1,1,1,734.8694168382448,348413969749,421206326689,153
31,Bahamas,Western Hemisphere,High Income Country,2579631,1541,2757741,576863,17976.048828125,18281.263671875,0.40128299593925476,0.4032844007015228,0.4091624915599823,1.569760799407959,9.973999977111816,9.77400016784668,1,1,1,1,1538.3414316740807,5639722090,1839129647,63
40,Cuba,Western Hemisphere,Upper Middle Income Country,7604107,732802,7042254,4882672,NA,NA,10.979783058166504,10.879966735839844,NA,NA,NA,NA,0,0,0,0,1825.4282425222812,586499825,4885434,616
41,Haiti,Western Hemisphere,Low Income Country,591097742,138291917,434975090,226327134,60176.37890625,60778.1328125,11.772557258605957,11.872323989868164,26.94905662536621,20.721994400024414,NA,NA,1,1,1,1,2310.121691427463,1214423999,641768953,54
42,Dominican Republic,Western Hemisphere,Upper Middle Income Country,107845995,31065606,91595512,43996576,243306.921875,255576.3125,11.427556991577148,11.527799606323242,3.3022334575653076,4.532510757446289,5.3099164962768555,6,1,1,1,1,2373.7545103520947,13081646176,7726310696,19
51,Jamaica,Western Hemisphere,Upper Middle Income Country,48650981,9900069,53240883,20269572,32294.298828125,32972.453125,2.83917498588562,2.83917498588562,5.411944389343262,5.000333309173584,NA,NA,1,1,1,1,2329.348836542984,2643278484,376340388,13
52,Trinidad and Tobago,Western Hemisphere,High Income Country,4746014,74101,4430754,1163781,22649.30078125,23190.25390625,1.3683329820632935,1.3683329820632935,0.5268846154212952,1.8954994678497314,4.0057501792907715,NA,1,1,1,1,3500.854326585478,2939678041,3489969614,10
53,Barbados,Western Hemisphere,High Income Country,3154602,2274787,3355712,363653,7444.24072265625,7667.5810546875,0.2824670076370239,0.28346866369247437,-0.4401129484176636,2.391582489013672,7.943999767303467,7.855000019073486,1,1,1,1,3345.264932547462,771466523,50591641,13
54,Dominica,Western Hemisphere,Upper Middle Income Country,210000,0,574251,0,665.146240234375,693.09796142578125,0.06620500236749649,0.06590496748685837,2.569218873977661,2.0820980072021484,NA,NA,1,1,1,1,3029.688465924467,58798990,2382911,0
55,Grenada,Western Hemisphere,Upper Middle Income Country,1406342,0,728170,459076,1644.4251708984375,1708.8875732421875,0.11720699816942215,0.11720699071884155,1.0861536264419556,2.143407106399536,NA,NA,1,1,1,1,3348.3717130190694,165335817,15897546,0
56,St. Lucia,Western Hemisphere,Upper Middle Income Country,560000,0,1868348,961161,3004.84912109375,3082.982666015625,0.17974400520324707,0.17974399030208588,-0.11028357595205307,1.2668099403381348,10.071000099182129,NA,1,1,1,1,3197.7157962490937,1043599900,7294670,0
57,St. Vincent and Grenadines,Western Hemisphere,Upper Middle Income Country,2264453,0,1214307,956797,1404.0892333984375,1460.1898193359375,0.10061600059270859,0.09952017664909363,3.6277074813842773,2.1050727367401123,NA,NA,1,1,1,1,3261.558669328348,143215089,8398109,0
58,Antigua and Barbuda,Western Hemisphere,High Income Country,1291610,0,1331050,0,2643.16015625,2735.363525390625,0.09377200156450272,0.09417188167572021,6.198866844177246,2.75697922706604,NA,NA,1,1,1,1,2837.769986865622,573762361,24035915,0
60,St. Kitts and Nevis,Western Hemisphere,High Income Country,1025000,-380,1220567,75516,1191.4605712890625,1242.4161376953125,0.04684299975633621,0.046943094581365585,1.095387578010559,2.2225522994995117,NA,NA,1,1,1,1,2776.143588885208,160152566,20459595,0
70,Mexico,Western Hemisphere,Upper Middle Income Country,249929491,28784960,255824718,93156101,2348045.5,2480804.25,130.4566650390625,131.56326293945313,4.7363715171813965,3.337712287902832,2.7041995525360107,2.839036464691162,1,1,1,1,3045.181404405728,334041339409,509963317877,88
80,Belize,Western Hemisphere,Upper Middle Income Country,20917177,2096304,12864728,5712847,3859.303955078125,3955.85791015625,0.41707199811935425,0.42307302355766296,3.289559841156006,1.8252986669540405,3.4000000953674316,3.4000000953674316,1,1,1,1,2665.2151561305536,590448355,86371725,9
90,Guatemala,Western Hemisphere,Upper Middle Income Country,271985422,69372631,234601034,120840366,154961.703125,160540.21875,18.40635871887207,18.706462860107422,2.8699276447296143,4.241669178009033,NA,NA,1,1,1,1,3005.6796451351856,9714681499,5464645268,17
91,Honduras,Western Hemisphere,Lower Middle Income Country,193486733,99750296,223693709,118409721,55661.62890625,57609.7109375,10.825702667236328,11.026178359985352,4.606211185455322,4.59754753112793,4.909999847412109,8,1,1,1,1,2934.6683867479137,7057473677,5799932860,365
92,El Salvador,Western Hemisphere,Lower Middle Income Country,227365671,120996421,188425835,112559103,43850.48046875,45165.32421875,6.338192939758301,6.3681840896606445,0.8537822961807251,1.8992160558700562,5.216000080108643,5.216000080108643,1,1,1,1,3048.9129498710417,4544989563,2409539869,60
93,Nicaragua,Western Hemisphere,Lower Middle Income Country,28162126,4654798,30416558,15365964,32860.7734375,34109.4140625,6.916140079498291,7.006089687347412,4.6247382164001465,3.99992036819458,6.763000011444092,6.355000019073486,1,1,1,1,3113.7060189469303,2940985161,4765518855,9
94,Costa Rica,Western Hemisphere,Upper Middle Income Country,55090994,9612212,67585500,19731580,123144.3203125,134177.46875,5.295968055725098,5.328037738800049,-0.3586482107639313,1.5845293998718262,7.373648166656494,6.6664042472839355,1,1,1,1,3299.480734236445,9676788152,12005925027,17
95,Panama,Western Hemisphere,High Income Country,72705472,9479045,71310394,13637321,119422.1328125,123005.0625,4.5155768394470215,4.565528392791748,0.6932255625724792,1.9606809616088867,8.607000350952148,8,1,1,1,1,3340.404450808595,10699682297,580864656,28
100,Colombia,Western Hemisphere,Upper Middle Income Country,586471266,202077721,722084923,241899248,761507.875,842243.1875,51.59680938720703,52.14223098754883,6.684978485107422,4.307902812957764,10.19081974029541,9.609163284301758,1,1,1,1,3823.41988569011,19037609854,18433262782,64
101,Venezuela,Western Hemisphere,Upper Middle Income Country,210945724,15302084,197956742,144441787,201826.765625,NA,28.405542373657227,28.50556182861328,59.610008239746094,71.65030670166016,NA,NA,1,1,1,1,3316.49294254984,4232021935,6316627705,0
110,Guyana,Western Hemisphere,Upper Middle Income Country,3879761,2033355,3558532,1668266,159742.140625,182800.59375,0.8310869932174683,0.8360876441001892,2.9039523601531982,4.520258903503418,NA,NA,1,1,1,1,4042.891066741167,1314930530,5510405563,11
115,Suriname,Western Hemisphere,Upper Middle Income Country,2228263,15436,437996,910371,38466.76171875,39616.32421875,0.634431004524231,0.6404350996017456,16.229616165161133,12.842798233032227,10.300000190734863,10,1,1,1,1,4289.251568379745,383542932,96642864,1
130,Ecuador,Western Hemisphere,Upper Middle Income Country,132403943,59415686,96809953,58557149,139543.8125,141270.453125,18.13547706604004,18.33586883544922,1.5473251342773438,2.169886589050293,3.3622500896453857,4,1,1,1,1,4356.893557749488,7526660153,9095386736,24
135,Peru,Western Hemisphere,Upper Middle Income Country,177864516,56200324,207138846,80750847,411910.6875,451485.96875,34.03489303588867,34.40080642700195,2.3843252658843994,1.9681062698364258,5.576433181762695,5.115096092224121,1,1,1,1,5672.52324443615,11223793499,10012670973,49
140,Brazil,Western Hemisphere,Upper Middle Income Country,59329450,10065722,65565397,31176979,3911742.25,4314924.5,215.75869750976563,216.62863159179688,4.533313274383545,4.239957809448242,6.833624362945557,6.393988132476807,1,1,1,1,6011.646330643877,49666969471,44183142206,62
145,Bolivia,Western Hemisphere,Lower Middle Income Country,2097103,774364,3416688,1828573,62873.95703125,64257.578125,12.413314819335938,12.613531112670898,5.099765777587891,4.205023765563965,2.7899999618530273,5.050000190734863,1,1,1,1,6566.054699536388,400961344,515252080,11
150,Paraguay,Western Hemisphere,Upper Middle Income Country,23346121,4279742,21557323,9498950,82059.734375,85178,6.929152965545654,7.009143829345703,3.835402727127075,4.000448226928711,5.728209495544434,6.290999889373779,1,1,1,1,7424.241985774542,3158414426,377941617,16
155,Chile,Western Hemisphere,High Income Country,3261804,5030497,2976062,917102,556012.3125,607759.1875,20.074079513549805,20.175525665283203,4.308656215667725,4.204190731048584,8.426360130310059,8.311805725097656,1,1,1,1,8079.010271835177,18167563889,17412627881,41
160,Argentina,Western Hemisphere,Upper Middle Income Country,6372648,113080,11985277,3065108,61259848,109657112,46.969322204589844,47.25191879272461,120.87206268310547,29.782642364501953,7.125500202178955,7.599999904632568,1,1,1,1,8403.655764540092,9170997286,7410751389,31
165,Uruguay,Western Hemisphere,High Income Country,1497250,7826,11468411,378994,131230.609375,135194.515625,3.3865880966186523,3.3765978813171387,4.8491435050964355,5.3999481201171875,8.211416244506836,8.024999618530273,1,1,1,1,8491.31995269969,1649000113,1276132632,16
200,United Kingdom,Europe and Eurasia,High Income Country,750,0,750,0,4808202.5,5075915.5,68.83011627197266,69.2603988647461,2.619899034500122,2.65082049369812,4.243000507354736,4.025976181030273,1,1,1,1,5905.084849886343,79887476638,68830691804,10204
205,Ireland,Europe and Eurasia,High Income Country,4120000,0,3000000,3905996,920158.3125,1004096,5.3579020500183105,5.413493633270264,1.5231138467788696,1.8592039346694946,4.300000190734863,4.2230424880981445,1,0,1,0,5449.004193574877,16533301213,103755091619,12
210,Netherlands,Europe and Eurasia,High Income Country,16834,0,97261,0,1496854,1579702.625,18.025047302246094,18.151395797729492,3.1966803073883057,2.660785675048828,3.700000047683716,3.7817931175231934,1,1,1,1,6196.771603288904,89643260827,35029722836,419
220,France,Europe and Eurasia,High Income Country,600,0,600,0,3597959.5,3725068.75,68.5028076171875,68.70996856689453,2.4101994037628174,1.5956822633743286,7.400000095367432,7.660146713256836,1,1,1,1,6170.248501072173,44391819243,61138289209,81
225,Switzerland,Europe and Eurasia,High Income Country,600,146,600,146,1005711.5,1047108.6875,8.946167945861816,8.99508285522461,1.1314724683761597,0.8729183673858643,4.10990047454834,3.9766125679016113,1,0,1,0,6606.337007337746,24964718949,64001194548,22
230,Spain,Europe and Eurasia,High Income Country,300,0,300,0,2077254.125,2216301.25,48.53007125854492,48.772705078125,2.7929739952087402,2.056199312210083,11.399999618530273,10.945951461791992,1,1,1,1,6095.549480802469,23910016058,22089835934,3307
235,Portugal,Europe and Eurasia,High Income Country,150,0,150,0,378522.34375,403715.75,10.710588455200195,10.801715850830078,2.730867862701416,2.1648194789886475,6.5,6.297495365142822,1,1,1,1,5744.064282599952,3048409026,6882338761,247
255,Germany,Europe and Eurasia,High Income Country,5001050,9764991,22001050,4882495,5175226,5354360.5,84.80848693847656,84.921417236328125,2.4497933387756348,2.0228052139282227,3.4000000953674316,3.5650837421417236,1,1,1,1,6718.7546258873335,75381806630,163392089253,36541
290,Poland,Europe and Eurasia,High Income Country,4619412,367678,3497375,922878,1313471,1470790,37.59850311279297,37.48645782470703,3.8381645679473877,5.033833980560303,2.9000000953674316,3.213944911956787,1,1,1,1,7186.17767566127,11943002539,14079581990,302
305,Austria,Europe and Eurasia,High Income Country,9026008,0,3113478,9311441,596369.9375,623589.5,9.15695571899414,9.1696138381958,2.8803060054779053,2.109105348587036,5.199999809265137,5.2510223388671875,1,0,1,0,7132.049255643736,4434816941,17887827633,22
310,Hungary,Europe and Eurasia,High Income Country,7484872,437436,16947220,922472,366266.84375,394542.9375,9.56103229522705,9.530659675598145,3.8007090091705322,3.269040822982788,4.5,4.4974822998046875,1,1,1,1,7351.205345147399,3260920987,12841616913,84
316,Czechia,Europe and Eurasia,High Income Country,1625150,0,1535150,152986,383498.1875,410254.90625,10.876617431640625,10.865717887878418,2.3588740825653076,2.3274290561676025,2.5999999046325684,2.721442461013794,1,1,1,1,6905.8839613337605,4279321941,8312295337,16
317,Slovak Republic,Europe and Eurasia,High Income Country,2474992,0,2012577,361885,175352.890625,191240.5625,5.547736167907715,5.55237340927124,3.192929744720459,4.381300926208496,5.300000190734863,5.340208530426025,1,1,1,1,7182.385174855895,552738983,8301300880,15
325,Italy,Europe and Eurasia,High Income Country,147158,102091,952212,162470,2652743.25,2767811,58.93754577636719,58.826602935791016,1.212321400642395,2.0574088096618652,6.5,6.023332118988037,1,1,1,1,7225.099104190943,32400555611,78416681599,12482
338,Malta,Europe and Eurasia,High Income Country,100000,0,731558,145370,44697.2890625,49595.421875,0.5688470005989075,0.5847750902175903,1.6504379510879517,2.5363612174987793,3.200000047683716,2.9000000953674316,1,0,1,0,7730.5165699879835,360819226,224179093,13
339,Albania,Europe and Eurasia,Upper Middle Income Country,51286169,5617280,30203827,14101027,27130.75390625,28050.041015625,2.3771278858184814,2.3600876331329346,2.5999999046325684,2.3653194904327393,10.699999809265137,10.699999809265137,1,1,1,1,7772.907017193078,141718593,133146714,11
341,Montenegro,Europe and Eurasia,Upper Middle Income Country,13042907,361537,13303280,2515185,11255.7978515625,11670.7578125,0.6235250234603882,0.6186384558677673,3.5999999046325684,3.6669554710388184,NA,NA,1,1,1,1,7665.007907129003,27681345,15605850,12
343,North Macedonia,Europe and Eurasia,Upper Middle Income Country,38993307,16256893,35609696,16207243,20847.107421875,21597.58984375,1.8243590593338013,1.8143349885940552,3.4861459732055664,2.299790382385254,12.265999794006348,12.800000190734863,1,0,1,0,7840.4116321311,60635165,179324638,11
344,Croatia,Europe and Eurasia,High Income Country,10097719,1423116,9019938,590908,126516.9609375,139476.1875,3.840569257736206,3.8176965713500977,3.90757417678833,3.2576117515563965,5,5.097879409790039,1,1,1,1,7242.062383604073,993902407,1032390904,13
346,Bosnia and Herzegovina,Europe and Eurasia,Upper Middle Income Country,60075161,3203298,67572945,24499877,37554.19140625,38680.80859375,3.164252996444702,3.14422607421875,1.6921273469924927,1.9980158805847168,10.71399974822998,13.199999809265137,1,0,1,0,7519.063962499679,52988456,186166013,17
347,Kosovo,Europe and Eurasia,Upper Middle Income Country,280293142,22724566,84375266,37092563,16070.8515625,16714.64453125,1.5943529605865479,1.5952568054199219,1.600000023841858,1.994267463684082,NA,NA,0,0,0,0,7779.684291620113,NA,NA,16
349,Slovenia,Europe and Eurasia,High Income Country,5220308,0,5333684,53707,94525.7109375,101905.2109375,2.125588893890381,2.1285955905914307,1.852562665939331,2.3595829010009766,3.700000047683716,3.689915657043457,1,1,1,1,7130.617172232571,332200789,6333644082,11
350,Greece,Europe and Eurasia,High Income Country,98081275,-7069,99707081,195300,306133.03125,327916.0625,10.487810134887695,10.4469633102417,2.9642772674560547,2.7351837158203125,10.100000381469727,9.380695343017578,1,1,1,1,8263.747601288456,2610099086,2401087100,402
352,Cyprus,Europe and Eurasia,High Income Country,522238,5798,531564,48477,61461.765625,66803.265625,1.3582819700241089,1.3770263195037842,1.8002300262451172,2.0004308223724365,4.900000095367432,4.699999809265137,1,0,1,0,9123.173183493804,183416263,60392548,11
355,Bulgaria,Europe and Eurasia,Upper Middle Income Country,9013124,5186311,10580885,683022,147599.6875,163238.953125,6.410470485687256,6.371640205383301,2.363339900970459,2.7007689476013184,4.199999809265137,4.057048320770264,1,1,1,1,7921.3558823692065,488245993,1529453107,19
359,Moldova,Europe and Eurasia,Lower Middle Income Country,199742120,-9424219,148962183,65146362,20417.84765625,21169.837890625,2.402306079864502,2.3785207271575928,4.677735328674316,4.999998569488525,1.4277499914169312,3.497999906539917,1,0,1,0,7979.377796103232,53629683,142049346,12
360,Romania,Europe and Eurasia,Upper Middle Income Country,15884642,224388,11387264,1520801,596020.3125,656277.6875,18.97870635986328,18.889156341552734,5.514993190765381,3.872293472290039,5.400000095367432,5.436914920806885,1,1,1,1,7985.300704339159,1259203990,4033844156,140
365,Russia,Europe and Eurasia,Upper Middle Income Country,0,0,459161,1080560,3741731.5,4064153,143.53384399414063,142.54396057128906,8.178019523620605,7.041286945343018,2.516934633255005,3.003999948501587,1,0,1,0,7839.816146551566,526066141,3272046210,41
366,Estonia,Europe and Eurasia,High Income Country,11840630,0,12692170,74999,50713.53515625,54496.25390625,1.3664909601211548,1.3608664274215698,3.3752057552337646,3.813413619995117,7.599999904632568,7.25541353225708,1,1,1,1,6971.065669071008,361019584,1097242738,20
367,Latvia,Europe and Eurasia,High Income Country,22770585,2848249,13529939,3368182,52129.6796875,55175.94140625,1.8751572370529175,1.8625246286392212,1.156511902809143,1.9634003639221191,6.900000095367432,6.714053153991699,1,1,1,1,7082.500396344494,545858791,675733368,20
368,Lithuania,Europe and Eurasia,High Income Country,11304897,0,11304896,0,115298.796875,126678.046875,2.87711501121521,2.8612465858459473,0.9322302341461182,2.2708373069763184,7.099999904632568,6.856357574462891,1,1,1,1,7279.613006543332,1929010719,2083875523,19
369,Ukraine,Europe and Eurasia,Lower Middle Income Country,21411853188,4779396370,6509549285,5182130449,302918.1875,310491.09375,37.86022186279297,38.95906448364258,6.501984596252441,8.976344108581543,14.199000358581543,12.706000328063965,1,0,1,0,7842.477487267411,1683510839,1230303535,18
370,Belarus,Europe and Eurasia,Upper Middle Income Country,29883896,772146,30680498,13111685,167315.828125,171170.25,9.13262939453125,9.072147369384766,5.7853193283081055,6.350545406341553,3.0399999618530273,2.947000026702881,1,0,1,0,7451.1551297869855,10599133,21212822,0
371,Armenia,Europe and Eurasia,Upper Middle Income Country,92121013,47964498,81486376,53312335,32973.62890625,34593.7265625,3.0465986728668213,3.026082992553711,0.26951196789741516,3.0555808544158936,13,13.5,1,0,1,0,9418.632766424402,160779539,129025961,14
372,Georgia,Europe and Eurasia,Upper Middle Income Country,180766016,66776774,164152612,64505434,67817.2421875,71870.1875,3.68414044380188,3.684140205383301,1.109717607498169,2.633437395095825,8.012499809265137,14.5,1,0,1,0,9308.89802274683,1736461692,176709508,29
373,Azerbaijan,Europe and Eurasia,Upper Middle Income Country,20082627,3877001,21999305,12115340,139166.484375,142681.203125,10.249094009399414,10.348599433898926,2.212171792984009,4.799951553344727,5.394000053405762,5.334000110626221,1,0,1,0,9693.31825126725,255074490,162759544,15
385,Norway,Europe and Eurasia,High Income Country,100988,0,100988,0,715843.5,753483.625,5.60329532623291,5.657142162322998,3.2233693599700928,2.641665458679199,3.980621814727783,4.084527015686035,1,1,1,1,6239.663892041565,4554791508,6879071078,1439
402,Cabo Verde,Sub-Saharan Africa,Lower Middle Income Country,1735346,5552049,2798802,1079053,3729.8427734375,3904.070556640625,0.5248770117759705,0.5268765687942505,1.0481699705123901,1.9998793601989746,8.5,8.5,0,0,0,0,5844.857227356496,12246976,4685213,3
403,Sao Tome and Principe,Sub-Saharan Africa,Lower Middle Income Country,874433,0,972900,19530,1279.2406005859375,1321.6798095703125,0.23553599417209625,0.2395281195640564,14.351927757263184,10.800044059753418,NA,NA,0,0,0,0,9455.454150762795,1021475,591753,0
404,Guinea-Bissau,Sub-Saharan Africa,Low Income Country,28697262,-11653,5376470,2414725,3135.381591796875,3292.1513671875,2.2013518810272217,2.25138258934021,3.703995704650879,2.0005834102630615,NA,NA,0,0,0,0,6730.272998911622,3394912,130235,0
411,Equatorial Guinea,Sub-Saharan Africa,Upper Middle Income Country,2017550,0,797677,1178440,9470.880859375,9012.59375,1.892516016960144,1.942582607269287,2.9214022159576416,2.799806594848633,NA,NA,0,0,0,0,9394.526847482735,95379691,137845483,0
420,Gambia,Sub-Saharan Africa,Low Income Country,20729870,4810242,32083886,7613804,5824.07861328125,6159.77294921875,2.7599880695343018,2.8199877738952637,11.561053276062012,9.799917221069336,NA,NA,0,0,0,0,6536.198565646882,80563522,2166640,7
432,Mali,Sub-Saharan Africa,Low Income Country,304140666,63766327,261574195,179798951,33012.6328125,34450.3359375,24.478595733642578,25.1779842376709,3.17676043510437,1.9999793767929077,NA,NA,0,0,0,0,7333.669676537496,51496789,5677822,16
433,Senegal,Sub-Saharan Africa,Lower Middle Income Country,235123125,74351082,351060355,273421905,52932.24609375,57852.37109375,18.501983642578125,18.902027130126953,0.8076531291007996,2.000065326690674,5.827250003814697,NA,0,0,0,0,6377.716196322423,350866605,243691331,22
434,Benin,Sub-Saharan Africa,Low Income Country,154906675,28620077,90892988,52479701,37053.6875,39466.65625,14.462723731994629,14.761953353881836,1.1691136360168457,1.999253273010254,NA,NA,0,0,0,0,8670.324856316602,216446069,53491866,8
435,Mauritania,Sub-Saharan Africa,Lower Middle Income Country,19752453,1665681,41420068,23365434,18840.625,19638.990234375,5.1693949699401855,5.319377422332764,2.4916434288024902,4.000092029571533,NA,NA,0,0,0,0,6282.246285231304,139755555,2921336,13
436,Niger,Sub-Saharan Africa,Low Income Country,217867927,42431815,343922501,160528357,33853.04296875,36333.23046875,27.032411575317383,27.93349266052246,9.077723503112793,3.6386213302612305,NA,NA,0,0,0,0,8146.574455271508,43252222,8499382,14
437,Cote d'Ivoire,Sub-Saharan Africa,Lower Middle Income Country,219184686,85165452,343450233,197015622,149129.359375,158673.640625,31.93423080444336,32.73508834838867,3.4607479572296143,3.0004289150238037,NA,NA,0,0,0,0,7965.033675062639,596568616,1052952196,15
438,Guinea,Sub-Saharan Africa,Low Income Country,76122306,25706036,59964536,40771708,50308.13671875,53154.34375,14.75478458404541,15.053868293762207,8.123139381408691,10.180464744567871,NA,NA,0,0,0,0,7054.021811828865,138336186,6571775,11
439,Burkina Faso,Sub-Saharan Africa,Low Income Country,326269193,105508590,246131880,200862848,36039.796875,38127.5234375,23.54878044128418,24.150026321411133,4.183090686798096,2.00038480758667,3.440999984741211,NA,0,0,0,0,7909.424867714852,54359393,4687036,24
450,Liberia,Sub-Saharan Africa,Low Income Country,164448910,68921750,175523062,112124785,60.828495025634766,64.37980651855469,5.61281681060791,5.732877254486084,8.214974403381348,5.958629131317139,NA,NA,1,0,0,1,7526.421709286165,220400195,73769402,13
451,Sierra Leone,Sub-Saharan Africa,Low Income Country,105857929,28855275,61840761,41619837,31.432058334350586,32.858036041259766,8.642022132873535,8.822063446044922,28.633750915527344,17.950021743774414,NA,NA,0,0,0,0,7163.731828716249,119859059,29605194,11
452,Ghana,Sub-Saharan Africa,Lower Middle Income Country,211239118,74697542,219458959,116409451,475017.625,495766.1875,34.42741394042969,35.12797164916992,22.84832763671875,11.492596626281738,NA,NA,0,0,0,0,8491.111291150211,967304543,1211922238,21
461,Togo,Sub-Saharan Africa,Low Income Country,50147233,17552081,59992849,33114436,16807.515625,17698.314453125,9.515235900878906,9.71513557434082,2.866013765335083,2.041292905807495,NA,NA,0,0,0,0,8573.83088629836,283592440,97451289,7
471,Cameroon,Sub-Saharan Africa,Lower Middle Income Country,246826755,32658351,180554057,77959174,73153,76229.40625,29.123743057250977,29.92439842224121,4.533313274383545,3.5001468658447266,NA,NA,0,0,0,0,9623.62914898464,193064344,260325705,15
475,Nigeria,Sub-Saharan Africa,Lower Middle Income Country,930186479,247150762,879102697,538306318,2148515.5,2216447.75,232.67947387695313,237.672607421875,33.242095947265625,24.97943687438965,3.456249952316284,NA,0,0,0,0,8914.673775913323,4174298267,5868414705,37
481,Gabon,Sub-Saharan Africa,Upper Middle Income Country,4262598,157702,1912369,1064311,25029.62109375,25689.533203125,2.538952112197876,2.5889313220977783,1.1731200218200684,2.1637187004089355,NA,NA,0,0,0,0,9685.130647595484,171065105,183191342,12
482,Central African Republic,Sub-Saharan Africa,Low Income Country,120515210,-1811118,117798678,58436632,3457.5556640625,3559.51025390625,5.330689907073975,5.510713577270508,1.477336049079895,4.649501800537109,NA,NA,0,0,0,0,10198.813391333833,35070359,1468418,15
483,Chad,Sub-Saharan Africa,Low Income Country,273660101,6273129,168272522,111978404,23464.9375,24350.349609375,20.299123764038086,20.999094009399414,8.899507522583008,3.714982748031616,NA,NA,0,0,0,0,9353.490901414365,59939855,82731843,20
484,Congo,Sub-Saharan Africa,Lower Middle Income Country,10900838,244870,16458189,6974815,13785.53515625,14292.212890625,6.332961082458496,6.483031272888184,3.0914363861083984,3.600219488143921,NA,NA,0,0,0,0,10516.740640466945,237138527,41621868,10
490,Democratic Republic of the Congo,Sub-Saharan Africa,Low Income Country,1413112042,157934609,1256597573,571435619,307732.90625,323233.15625,109.2762680053711,113.2863998413086,17.81880760192871,9.236825942993164,NA,NA,0,0,0,0,10523.933822878518,253285367,327432401,17
500,Uganda,Sub-Saharan Africa,Low Income Country,673449881,189625986,568808556,351393034,102203.0078125,109821.46875,50.01509094238281,51.4155158996582,3.323380708694458,4.411828994750977,NA,NA,0,0,0,0,11681.979419959174,106292850,138091867,14
501,Kenya,Sub-Saharan Africa,Lower Middle Income Country,978412803,199873097,831553749,430544929,247378.203125,259795,56.432945251464844,57.53358840942383,4.48978853225708,5.150390148162842,NA,NA,0,0,0,0,12155.162449210347,782524079,758904414,72
510,Tanzania,Sub-Saharan Africa,Low Income Country,646481976,239165247,522991275,322674911,165569.046875,175505.28125,68.5601577758789,70.45905303955078,3.0569467544555664,4.04189395904541,2.430999994277954,NA,0,0,0,0,12417.105016722593,573380041,211408454,18
516,Burundi,Sub-Saharan Africa,Low Income Country,79216148,43284178,73665561,38751447,12562.099609375,13004.3037109375,14.047785758972168,14.449151039123535,20.212491989135742,25.00008773803711,NA,NA,0,0,0,0,11724.076322181967,6613990,3796798,11
517,Rwanda,Sub-Saharan Africa,Low Income Country,197585339,129653082,191425693,105300056,46587.9453125,49626.6640625,14.256567001342773,14.555656433105469,1.7702924013137817,5.100044250488281,11.329500198364258,NA,0,0,0,0,11632.031770255982,44757797,30962001,11
520,Somalia,Sub-Saharan Africa,Low Income Country,765184900,145194442,962558052,402795935,23481.4921875,24422.1953125,19.009151458740234,19.709487915039063,5.000321865081787,4.2000732421875,NA,NA,0,0,0,0,12603.344550669937,49123706,2599751,60
522,Djibouti,Sub-Saharan Africa,Lower Middle Income Country,22447408,11043238,35887253,21733701,6586.1650390625,6981.849609375,1.1687220335006714,1.1787110567092896,2.0765538215637207,1.5464502573013306,NA,NA,0,0,0,0,11636.870892242345,144982858,40567722,406
530,Ethiopia,Sub-Saharan Africa,Low Income Country,1333016262,457455026,1308264445,623797517,1075908.375,1145901.125,132.0597686767578,135.06112670898438,21.03774642944336,23.289113998413086,NA,NA,0,0,0,0,11536.9507185078,1017706562,488729601,13
540,Angola,Sub-Saharan Africa,Lower Middle Income Country,115542164,27123200,93589699,37796745,787534.9375,809498.875,37.88584899902344,38.985435485839844,28.240495681762695,21.34488868713379,NA,NA,0,0,0,0,10658.401744110071,682352869,1912507392,11
541,Mozambique,Sub-Saharan Africa,Low Income Country,821047634,238038515,763924779,363690389,47039.8203125,49058.88671875,34.63176727294922,35.63268280029297,4.078568458557129,4.255504131317139,NA,NA,0,0,0,0,13429.9380220875,149698447,220295830,10
551,Zambia,Sub-Saharan Africa,Lower Middle Income Country,584836907,201080103,504397760,243405611,101500.3359375,108217.5625,21.314956665039063,21.915376663208008,14.985626220703125,12.091026306152344,NA,NA,0,0,0,0,12402.717435871014,113762941,171474264,10
552,Zimbabwe,Sub-Saharan Africa,Lower Middle Income Country,428670939,62533337,340678092,189617945,NA,NA,16.63437271118164,17.035202026367188,635.31280517578125,23.64531135559082,12.130000114440918,NA,0,0,0,0,12801.93774842164,43782746,69526629,11
553,Malawi,Sub-Saharan Africa,Low Income Country,737663762,134006739,402694329,205380703,45491.15625,47331.31640625,21.65528678894043,22.154254913330078,32.179649353027344,15.254683494567871,NA,NA,0,0,0,0,12783.401293507704,26940731,43010402,7
560,South Africa,Sub-Saharan Africa,Upper Middle Income Country,581255433,141467913,508407312,217972921,611428.4375,656159.5625,63.01590347290039,63.768821716308594,4.626036167144775,3.9197630882263184,32.73217010498047,32.078250885009766,0,0,0,0,13044.785148027622,5818797117,14815831119,45
565,Namibia,Sub-Saharan Africa,Upper Middle Income Country,90356900,22168912,80036246,31983504,20519.431640625,21376.611328125,3.0301311016082764,3.0901336669921875,4.239039421081543,4.471691131591797,NA,NA,0,0,0,0,11912.876567180574,160506498,279548618,10
570,Lesotho,Sub-Saharan Africa,Lower Middle Income Country,348156658,27219251,112187749,46924081,3203.803955078125,3277.739013671875,2.337423086166382,2.357400894165039,6.1054463386535645,6.125814914703369,NA,NA,0,0,0,0,13193.618916401872,2794513,242456058,0
571,Botswana,Sub-Saharan Africa,Upper Middle Income Country,51030527,13292284,50187372,19649006,33582.19140625,35337.53515625,2.521138906478882,2.5611572265625,2.8183512687683105,4.499983310699463,24.433000564575195,NA,0,0,0,0,12786.259201822399,104327456,415014090,17
572,Eswatini,Sub-Saharan Africa,Lower Middle Income Country,76646726,20438571,70541526,27740126,8912.052734375,9284.6865234375,1.2428220510482788,1.2628675699234009,4.762961387634277,4.797006607055664,NA,NA,0,0,0,0,13329.770749317719,46113517,23309481,8
580,Madagascar,Sub-Saharan Africa,Low Income Country,231165746,30857549,216376136,100856048,34396.1484375,35978.3671875,31.964956283569336,32.66419219970703,7.613358020782471,7.078769683837891,NA,NA,0,0,0,0,14293.750872599863,53407211,753233368,13
581,Comoros,Sub-Saharan Africa,Lower Middle Income Country,9253177,-1629790,6505898,1107980,1856.9281005859375,1931.7099609375,0.8666279911994934,0.882621169090271,5.051926136016846,1.4998421669006348,NA,NA,0,0,0,0,13444.655044018204,4738928,1870433,0
590,Mauritius,Sub-Saharan Africa,Upper Middle Income Country,680137,-14647,647650,0,23828.197265625,24781.326171875,1.245779037475586,1.245779037475586,3.6045219898223877,3.5005431175231934,5.202000141143799,6.269999980926514,0,0,0,0,15227.578224328214,47991040,244787791,1
591,Seychelles,Sub-Saharan Africa,High Income Country,1207873,177873,933409,302139,3323.5361328125,3453.053955078125,0.12135399878025055,0.1241544857621193,0.31172606348991394,2.4964842796325684,2.5929999351501465,3,0,0,0,0,13922.899036416171,16534260,8074442,0
600,Morocco,Middle East and North Africa,Lower Middle Income Country,74225619,37974414,71604821,32261157,201510.640625,208771.921875,38.081172943115234,38.38102722167969,0.9853000044822693,2.3473734855651855,13.35200023651123,12.645999908447266,1,0,1,0,6151.388659049431,5268646115,1983149349,39
615,Algeria,Middle East and North Africa,Upper Middle Income Country,5074602,713497,5663269,2459063,378624,390136.3125,46.814308166503906,47.414493560791016,4.046113014221191,5.171044826507568,NA,NA,0,0,0,0,6802.792842283284,1014504109,2540861627,14
616,Tunisia,Middle East and North Africa,Lower Middle Income Country,150910396,3732320,180054082,34549674,87461.8828125,88859.8828125,12.277109146118164,12.277109146118164,7.206616401672363,6.738495826721191,NA,NA,0,0,0,0,7464.359518489798,503588215,1154276516,22
620,Libya,Middle East and North Africa,Upper Middle Income Country,61743409,2182587,56967510,33959098,197794.28125,224793.8125,7.381022930145264,7.461034297943115,2.126157760620117,2.2703659534454346,NA,NA,0,0,0,0,7815.687825241356,567220437,1492246677,0
625,Sudan (former),Sub-Saharan Africa,NULL,402262970.5,144725152,348810070,252735687,7199191,7797462,50.4489631652832,51.75022506713867,200.0994873046875,118.93034362792969,58.01599884033203,55.680999755859375,0,0,0,0,10554.327557917013,56610929,13214667,1
625,Sudan,Sub-Saharan Africa,Lower Middle Income Country,402262970.5,144725152,348810070,252735687,7199191,7797462,50.4489631652832,51.75022506713867,200.0994873046875,118.93034362792969,58.01599884033203,55.680999755859375,0,0,0,0,10554.327557917013,56610929,13214667,1
626,South Sudan,Sub-Saharan Africa,Low Income Country,755063960,51350739,841463091,312982259,4590919.5,5839710,11.943408012390137,12.244503021240234,91.4408187866211,79.34313201904297,NA,NA,0,0,0,0,11268.767040323188,59276702,808313,16
640,Turkey,Europe and Eurasia,Upper Middle Income Country,52553890,3790019,98684933,20095802,23995330,33036918,85.617340087890625,86.4132080078125,58.2992057800293,30.667694091796875,8.76217269897461,9.008233070373535,1,1,1,1,8735.395984341,15292979687,17797575657,1692
645,Iraq,Middle East and North Africa,Upper Middle Income Country,371056220,30040245,400889060,108907472,359403.59375,374029.8125,46.042015075683594,47.042930603027344,-12.29698371887207,3.5000054836273193,NA,NA,1,0,1,0,9982.660350096754,1660554212,7689608697,0
651,Egypt,Middle East and North Africa,Lower Middle Income Country,242542881,160124566,249213079,164340289,2646248,2754236,116.53826141357422,117.53431701660156,28.27058982849121,21.1919002532959,5.946000099182129,7.35099983215332,1,0,1,0,9359.77683381288,6092022475,2718272321,176
652,Syria,Middle East and North Africa,Low Income Country,524604236,41805200,580786503,280892663,NA,NA,24.672760009765625,25.571767807006836,NA,NA,NA,NA,0,0,0,0,9446.993498653555,2020826,11176690,0
660,Lebanon,Middle East and North Africa,Upper Middle Income Country,496127945,232956804,491008923,156228074,878674.125,NA,5.805962085723877,5.8459343910217285,45.2430419921875,NA,NA,NA,0,0,0,0,9364.120439299619,541421719,268296926,21
663,Jordan,Middle East and North Africa,Upper Middle Income Country,1822825325,1097805910,1743290657,1121165290,64163.2265625,66023.7890625,11.552876472473145,11.45328140258789,1.5565961599349976,2.430671453475952,NA,NA,0,0,0,0,9542.048539228726,2030784950,3443919288,120
666,Israel,Middle East and North Africa,High Income Country,6819773792,-416332,6818569348,4840105,709809.1875,767694.9375,9.924954414367676,10.081746101379395,3.1438775062561035,3.5635201930999756,2.9772517681121826,2.517460346221924,0,0,0,0,9507.812321377536,14790380668,22522222432,115
670,Saudi Arabia,Middle East and North Africa,High Income Country,5227079,105321,3934889,947530,1520712.375,1590229,35.3002815246582,35.92322540283203,1.5008080005645752,1.888422966003418,3.5169999599456787,NA,0,0,0,0,10875.43722562461,13176652913,13186767679,258
679,Yemen,Middle East and North Africa,Low Income Country,763749558,42454046,635628372,251585988,61668.609375,62593.59375,40.58316421508789,41.78266525268555,16.273569107055664,20.701763153076172,NA,NA,0,0,0,0,11453.090797327768,134099622,9328050,4
690,Kuwait,Middle East and North Africa,High Income Country,300,0,748284,160512,166525.453125,172026.375,4.897263050079346,4.996599197387695,2.8985509872436523,2.384706735610962,NA,NA,0,0,0,0,10536.292908517931,2411823129,1747559174,533
692,Bahrain,Middle East and North Africa,High Income Country,23477698,0,23521275,160307,56709.19921875,58518.828125,1.588670015335083,1.6182725429534912,0.9196354746818542,1.7991673946380615,NA,NA,0,0,0,0,10970.905312921166,1646230202,1272281645,3500
694,Qatar,Middle East and North Africa,High Income Country,181156,151447,929240,51031,240700.890625,245200.90625,2.8578219413757324,2.9234113693237305,1.2673430442810059,1.4457825422286987,NA,NA,0,0,0,0,11111.516891351983,3804239904,1873504266,303
696,United Arab Emirates,Middle East and North Africa,High Income Country,290150,269023,405495,43584,640706.8125,673074.25,10.98639965057373,11.286028861999512,1.662919044494629,2.099675416946411,1.8799999952316284,NA,0,0,0,0,11359.938856255842,26969000572,7798436314,177
698,Oman,Middle East and North Africa,High Income Country,3415577,2043,2735310,570760,124709.203125,128556.9765625,5.281538009643555,5.491598606109619,0.5935892462730408,1.5001276731491089,NA,NA,0,0,0,0,11684.978405698874,1954232484,1414796724,29
700,Afghanistan,South and Central Asia,Low Income Country,755019795,9598738,658867075,388028754,NA,NA,36.00950622558594,37.02385711669922,-6.6011857986450195,NA,NA,NA,1,0,0,1,11154.21294900065,11446788,23769976,0
701,Turkmenistan,South and Central Asia,Upper Middle Income Country,5521797,38501,4578973,2246003,118342.1796875,121068.921875,7.494497776031494,7.624576091766357,6.327342510223389,8.039934158325195,NA,NA,1,0,1,0,10338.215816629117,82234419,15668736,10
702,Tajikistan,South and Central Asia,Low Income Country,99284441,11641981,85520712,40154189,47688.55859375,49820.51953125,10.397454261779785,10.593631744384766,4.540459632873535,5.87502908706665,NA,NA,1,0,1,0,10733.652369875806,56837410,4708020,14
703,Kyrgyzstan,South and Central Asia,Lower Middle Income Country,55102113,8454050,55426302,29989731,35955.05078125,37737.2265625,7.22186803817749,7.332355499267578,4.997607231140137,5.032623767852783,9.013999938964844,9.013999938964844,1,0,1,0,10495.477683226143,133144912,17171378,12
704,Uzbekistan,South and Central Asia,Lower Middle Income Country,85164107,7721452,90885287,31133390,924003.8125,976757.5625,37.137027740478516,37.851200103759766,9.628254890441895,9.36117172241211,6.308000087738037,5.808000087738037,1,0,1,1,10477.930050409888,380795484,44409142,16
705,Kazakhstan,South and Central Asia,Upper Middle Income Country,26799203,4016590,26043036,8667881,821888.75,859945.625,20.15628433227539,20.351974487304688,8.839439392089844,7.175256729125977,4.775000095367432,4.775000095367432,1,0,1,0,9558.045913895667,1077097171,2409678968,28
710,China (P.R.C.),East Asia and Oceania,Upper Middle Income Country,9758238,1415192,15648791,6485597,34057764,37525772,1406.346435546875,1403.1998291015625,0.422158807516098,1.0865955352783203,5.099999904632568,5.099999904632568,1,0,1,0,11127.996543717198,143545716168,462620339617,64
712,Mongolia,East Asia and Oceania,Lower Middle Income Country,9911259,5086554,131243479,49299421,57458.1796875,61496.36328125,3.5247879028320313,3.565302610397339,6.207132816314697,9.000181198120117,5.809750080108643,5,1,0,1,0,10365.541431016029,396615463,27542852,12
713,Taiwan,East Asia and Oceania,High Income Country,1500647018,450999,1500737621,301128,985015.5625,1011306.1875,23.299571990966797,23.199142456054688,2.1798882484436035,1.5026435852050781,3.319999933242798,3.6700000762939453,0,0,0,0,12661.543730931673,NA,NA,47
731,"Korea, Democratic Republic of",East Asia and Oceania,Low Income Country,0,-2,0,0,NA,NA,26.498823165893555,26.598819732666016,NA,NA,NA,NA,1,0,1,0,11058.088798970755,1528597,57465,0
732,"Korea, Republic of",East Asia and Oceania,High Income Country,619241,194915,1066342,186253,2821784,3007493.25,51.667842864990234,51.627010345458984,2.311234712600708,1.8396036624908447,2.65339732170105,2.646631956100464,1,1,1,1,11177.617943699162,65541464288,135455734008,24515
740,Japan,East Asia and Oceania,High Income Country,1150976,95576,1633005,1152202,5204615,5454355,123.75444793701172,123.12017059326172,2.5915565490722656,1.917832612991333,2.544518232345581,2.402656078338623,1,1,1,1,10914.915043385225,79715080653,152065899959,55154
750,India,South and Central Asia,Lower Middle Income Country,165629123,53598229,182012182,84519664,8280604,9781227,1401.2708740234375,1413.8616943359375,4.753236293792725,4.1958327293396,4.17549991607666,NA,1,0,1,0,12057.768732064034,41752370779,91229566876,64
760,Bhutan,South and Central Asia,Lower Middle Income Country,200000,0,200000,0,5105.5068359375,5473.67431640625,0.7753097414970398,0.7802043557167053,2.7613155841827393,4.732021331787109,3.2820000648498535,NA,0,0,0,0,12520.677190699309,3427734,3534111,0
770,Pakistan,South and Central Asia,Lower Middle Income Country,169109669,67544500,243356982,77604828,1401450.375,NA,245.17276000976563,249.07989501953125,12.632532119750977,9.48404312133789,8,6.956999778747559,1,1,1,1,11388.075679175452,2135147106,5466284320,74
771,Bangladesh,South and Central Asia,Lower Middle Income Country,572530818,180458815,485297231,257579154,1303668,1362333.125,173.08966064453125,175.07920837402344,10.465747833251953,10.699960708618164,3.645750045776367,NA,1,0,1,0,12940.212921169921,2213964142,8780919767,14
775,Burma (Myanmar),East Asia and Oceania,Lower Middle Income Country,248732624,17656725,234718073,169181387,141834.515625,143370.046875,54.500091552734375,54.90009307861328,22.000165939331055,14.199877738952637,NA,NA,1,0,1,0,13467.272609045851,77152222,683245950,12
780,Sri Lanka,South and Central Asia,Upper Middle Income Country,121222373,17137813,97102483,52242266,237279.71875,NA,21.916000366210938,22.010875701904297,-0.4293600618839264,NA,NA,NA,1,0,1,0,14404.871413865838,368214575,3159214958,18
781,Maldives,South and Central Asia,Upper Middle Income Country,5027276,564609,7527142,2542246,10664.9150390625,11166.2021484375,0.5923256874084473,0.5945692658424377,1.399797797203064,4.486551761627197,NA,NA,0,0,0,0,14367.152309617128,92612024,6362152,0
790,Nepal,South and Central Asia,Low Income Country,212018132,16297791,181561134,125834044,79837.40625,83740.4375,29.663644790649414,29.563766479492188,4.685096740722656,5.211904048919678,NA,NA,0,0,0,0,12399.672299390779,120890203,128522223,16
800,Thailand,East Asia and Oceania,Upper Middle Income Country,85296393,20137010,105620304,31323153,636474.75,655573,69.966400146484375,69.86881256103516,0.39833301305770874,1.2237519025802612,0.9983333349227905,1,1,1,1,1,14171.17863213169,17719046382,66011261761,111
811,Cambodia,East Asia and Oceania,Lower Middle Income Country,143935605,38697271,122326258,60364703,73487.4609375,77746.15625,17.302284240722656,17.498899459838867,0.8080419898033142,2.1200897693634033,NA,NA,1,0,1,0,14415.982576652441,321629583,13364828931,10
812,Laos,East Asia and Oceania,Lower Middle Income Country,162911205,24981017,138593151,46119000,60012.21875,62090.7265625,7.653253078460693,7.751750469207764,23.130569458007813,23.73621368408203,NA,NA,1,0,1,0,13707.873049539112,40385293,849742643,12
816,Vietnam,East Asia and Oceania,Lower Middle Income Country,305181170,113514848,298311418,105624611,899743.125,954280,100.94522857666016,101.94468688964844,3.6210927963256836,3.5376296043395996,1.5292500257492065,2.0299999713897705,1,0,1,0,13360.058714627366,13098155121,142475987338,33
820,Malaysia,East Asia and Oceania,Upper Middle Income Country,10166167,3397047,10275336,6042488,692763.125,723157.625,33.789424896240234,34.16908264160156,1.8341000080108643,2.499811887741089,3.5250000953674316,3.5250000953674316,1,0,1,0,15354.987589746794,27700176334,53849455892,24
830,Singapore,East Asia and Oceania,High Income Country,285349,469189,289882,469,705827.875,723472.9375,6.03685998916626,6.078279495239258,2.3895111083984375,2.17460036277771,1.899999976158142,1.899999976158142,1,0,1,0,15555.803045539044,46017200514,43553287851,229
835,Brunei,East Asia and Oceania,High Income Country,0,0,0,4815,15764.3427734375,16162.3095703125,0.4542025625705719,0.4571455419063568,-0.38867416977882385,0.9999303221702576,4.870999813079834,4.900000095367432,1,0,1,0,15009.710972640307,127213271,248560259,2
840,Philippines,East Asia and Oceania,Lower Middle Income Country,719857835,46296302,754238531,110123050,861690.4375,914354.8125,112.83978271484375,113.81253051757813,3.2126049995422363,3.0219995975494385,4.367000102996826,5.183000087738037,1,1,1,1,13795.162793635916,9297313129,14593410270,311
850,Indonesia,East Asia and Oceania,Lower Middle Income Country,797160809,60869963,215295205,130563906,2376525,2690608.75,281.0121154785156,283.2696838378906,2.287895917892456,2.2354624271392822,5.199999809265137,5.099999904632568,1,0,1,0,16374.475695386871,10202095720,29549429690,36
860,Timor-Leste,East Asia and Oceania,Lower Middle Income Country,26382962,11537086,44690239,29035038,1894.162353515625,1953.03662109375,1.3669021129608154,1.3864293098449707,2.0628414154052734,2.1997854709625244,NA,NA,1,0,1,0,15974.310080721223,19021945,6079997,1
900,Australia,East Asia and Oceania,High Income Country,19300,498,19300,498,2481586.5,2625686,27.12723731994629,27.600378036499023,3.1738977432250977,2.257610559463501,4.109651565551758,4.358305931091309,1,1,1,1,15964.858416721712,34582880814,16566559974,732
910,Papua New Guinea,East Asia and Oceania,Lower Middle Income Country,67579520,9578162,47804687,26795794,55262.09375,57292.6796875,12.752713203430176,12.993329048156738,0.6024039387702942,4.799842357635498,NA,NA,1,0,1,0,14563.337568446708,67200220,80898103,13
920,New Zealand,East Asia and Oceania,High Income Country,1579,-2073,7705,0,370096.375,389635.8125,5.301383018493652,5.341137886047363,2.86681866645813,2.006547689437866,4.736189365386963,5.334426403045654,1,0,1,0,14097.95450955045,4493534160,5859760459,14
935,Vanuatu,East Asia and Oceania,Lower Middle Income Country,4385257,1563322,5869172,2062357,1422.4600830078125,1444.1370849609375,0.32884296774864197,0.335860937833786,4.21443510055542,2.7570366859436035,NA,NA,0,0,0,0,13361.9159608345,7601059,14201121,0
940,Solomon Islands,East Asia and Oceania,Lower Middle Income Country,4438313,201446,5579913,2961501,1914.4246826171875,1962.0645751953125,0.7871317267417908,0.8063534498214722,4.321839332580566,2.9718852043151855,NA,NA,0,0,0,0,13515.171456675835,13147232,1353952,0
946,"Kiribati, Republic of",East Asia and Oceania,Lower Middle Income Country,7084753,-21781,1672420,2848576,502.5403747558594,523.42510986328125,0.12727311253547668,0.12821587920188904,2.4554507732391357,2.999650478363037,NA,NA,1,0,0,1,11632.86629862232,4220009,958008,1
947,Tuvalu,East Asia and Oceania,Upper Middle Income Country,3650000,0,60000,2587723,88.269439697265625,90.827972412109375,0.010458304546773434,0.010284901596605778,3.932016372680664,3.293334722518921,NA,NA,1,0,0,1,11803.41688050454,570424,169025,0
950,Fiji,East Asia and Oceania,Upper Middle Income Country,15588548,2788950,11189618,7537378,7597.740234375,7852.1083984375,0.9018042683601379,0.905687153339386,4.511382579803467,3.2002298831939697,5.361000061035156,4.699999809265137,0,0,0,0,12511.513088918155,94679571,347028667,4
955,Tonga,East Asia and Oceania,Upper Middle Income Country,4237851,902595,4162515,1196506,755.01080322265625,772.4073486328125,0.09962596744298935,0.09962595999240875,3.1836462020874023,3.210066318511963,NA,NA,0,0,0,0,12160.345968837366,19909723,3330962,0
983,Marshall Islands,East Asia and Oceania,Upper Middle Income Country,442885642,262067856,435754984,227315996,343.26300048828125,355.577392578125,0.03916589170694351,0.037912581115961075,4.60227108001709,3.2225887775421143,NA,NA,0,0,0,0,11345.907812069463,127426248,23186951,15
986,Palau,East Asia and Oceania,High Income Country,93414753,81531357,100285610,60166193,236.11068725585938,256.8056640625,0.017616143450140953,0.017616143450140953,2.2317278385162354,2.8069159984588623,NA,NA,0,0,0,0,13978.306141661005,20993953,2325379,83
987,"Micronesia, Federated States of",East Asia and Oceania,Lower Middle Income Country,362042287,351860260,363674304,278486954,NA,NA,NA,NA,NA,NA,NA,NA,0,0,0,0,12403.874911765275,50489582,2470118,3
990,Samoa,East Asia and Oceania,Upper Middle Income Country,1124516,918851,1121961,830191,1728.790771484375,1802.2232666015625,0.20993371307849884,0.21089671552181244,2.172455310821533,3.2935187816619873,NA,NA,0,0,0,0,11383.954366456073,54397476,5037908,6
